{
  "total_roots": 3324,
  "avg_idf": 4.3337486078719465,
  "min_idf": 0.13543797089510412,
  "max_idf": 5.0106352940962555,
  "idf_percentiles": {
    "25th": 3.912023005428146,
    "50th": 5.0106352940962555,
    "75th": 5.0106352940962555,
    "90th": 5.0106352940962555,
    "95th": 5.0106352940962555
  }
}