{
  "total_roots": 3327,
  "avg_idf": 4.3328651833931655,
  "min_idf": 0.0408219945202552,
  "max_idf": 5.0106352940962555,
  "idf_percentiles": {
    "25th": 3.912023005428146,
    "50th": 5.0106352940962555,
    "75th": 5.0106352940962555,
    "90th": 5.0106352940962555,
    "95th": 5.0106352940962555
  }
}